page,clicks,impressions,ctr,position
"https://hentaivault.me/","460","5010","0.09181636726546906","5.055289421157685"
"https://hentaivault.me/blog/nhentai-alternatives-2026","232","14065","0.016494845360824743","5.496267330252399"
"https://hentaivault.me/category/manga-doujin","57","15661","0.0036396143285869357","6.694719366579401"
"http://hentaivault.me/","49","394","0.12436548223350254","3.238578680203046"
"https://hentaivault.me/blog/best-streaming-2026","46","17044","0.0026988969725416567","9.024876789486036"
"https://hentaivault.me/site?id=toonily","38","687","0.055312954876273655","8.49490538573508"
"https://hentaivault.me/category/hentai-streaming","31","3344","0.009270334928229665","7.389653110047847"
"https://hentaivault.me/site?id=hentaimama","30","14590","0.00205620287868403","6.7249485949280325"
"https://hentaivault.me/site?id=hentai20","28","10428","0.002685078634445723","4.565688530878404"
"https://hentaivault.me/blog/free-manga-guide","26","5165","0.0050338818973862534","11.332042594385285"
"https://hentaivault.me/site?id=fanzadmm","22","814","0.02702702702702703","7.237100737100737"
"https://hentaivault.me/category/images-boorus","18","1080","0.016666666666666666","6.437037037037037"
"https://hentaivault.me/blog/best-doujin-sites-2026","14","1232","0.011363636363636364","4.638798701298701"
"https://hentaivault.me/site?id=bokepins_mqasar1k","12","94","0.1276595744680851","7.3936170212765955"
"https://hentaivault.me/blog/free-manga-guide.html","8","372","0.021505376344086023","15.083333333333334"
"https://hentaivault.me/category/games","8","86","0.09302325581395349","6.069767441860465"
"https://hentaivault.me/site?id=juicyelf_mqasar1k","7","116","0.0603448275862069","7.474137931034483"
"https://hentaivault.me/site?id=hentaistv","6","122","0.04918032786885246","5.524590163934426"
"https://hentaivault.me/about","5","314","0.01592356687898089","6.477707006369426"
"https://hentaivault.me/blog/","5","96","0.052083333333333336","7.958333333333333"
"https://hentaivault.me/category/anime-streaming","5","240","0.020833333333333332","8.429166666666667"
"https://hentaivault.me/site?id=xanimehub","5","104","0.04807692307692308","6.326923076923077"
"https://hentaivault.me/site?id=juicyelf_mqasar1k&lang=es","4","128","0.03125","8.0546875"
"http://hentaivault.me/site.html?id=crunchyrollnews","3","5","0.6","2"
"https://hentaivault.me/category/communities","2","82","0.024390243902439025","6.304878048780488"
"https://hentaivault.me/compare?site1=wallhaven&site2=pixiv","2","2","1","2"
"https://hentaivault.me/site?id=1pondo","2","8","0.25","14.25"
"https://hentaivault.me/site?id=68994222","2","87","0.022988505747126436","9.781609195402298"
"https://hentaivault.me/site?id=animekisa","2","12","0.16666666666666666","34.083333333333336"
"https://hentaivault.me/site?id=animixplay","2","2","1","30"
"https://hentaivault.me/site?id=b06520bb","2","29","0.06896551724137931","7.620689655172414"
"https://hentaivault.me/site?id=dirty","2","10","0.2","5.9"
"https://hentaivault.me/site?id=f3a74fb1","2","39","0.05128205128205128","6"
"https://hentaivault.me/site?id=hentaigasm","2","11","0.18181818181818182","19.545454545454547"
"https://hentaivault.me/site?id=hentaitv","2","53","0.03773584905660377","9.433962264150944"
"https://hentaivault.me/site?id=teenpornbox_mq6h3iji","2","9","0.2222222222222222","4.444444444444445"
"https://hentaivault.me/site?id=vlxx_mq9dvcl9","2","5","0.4","3.4"
"http://hentaivault.me/site.html?id=anidex","1","4","0.25","57.5"
"http://hentaivault.me/site.html?id=thumbzilla","1","20","0.05","17.4"
"http://hentaivault.me/site.html?id=xempire","1","1","1","7"
"http://hentaivault.me/site?id=ahme","1","7","0.14285714285714285","2.7142857142857144"
"http://hentaivault.me/site?id=animetosho","1","8","0.125","14.875"
"http://hentaivault.me/site?id=bangbros","1","1","1","49"
"http://hentaivault.me/site?id=crunchyrollnews","1","1","1","1"
"http://hentaivault.me/site?id=daftsex","1","21","0.047619047619047616","4.904761904761905"
"http://hentaivault.me/site?id=hclips","1","2","0.5","16.5"
"http://hentaivault.me/site?id=tubev","1","6","0.16666666666666666","16.166666666666664"
"https://hentaivault.me/category/visual-novels","1","143","0.006993006993006993","7.755244755244755"
"https://hentaivault.me/compare?site1=69games_mq547jfa&site2=itchio","1","1","1","4"
"https://hentaivault.me/compare?site1=9ee21c61&site2=b06520bb","1","1","1","9"
"https://hentaivault.me/compare?site1=fb3b5c9f&site2=bdf7d54d","1","38","0.02631578947368421","7.157894736842105"
"https://hentaivault.me/compare?site1=furry_booru_mq0rj3hh&site2=e621","1","1","1","5"
"https://hentaivault.me/compare?site1=hentai20&site2=hentaicomic","1","2","0.5","42.5"
"https://hentaivault.me/compare?site1=luiza_mq7x3q5w&site2=vixenmediagroup","1","1","1","9"
"https://hentaivault.me/compare?site1=porndoe&site2=xnxx","1","1","1","18"
"https://hentaivault.me/compare?site1=sextpanther&site2=loyalfans","1","3","0.3333333333333333","5"
"https://hentaivault.me/contact","1","9","0.1111111111111111","9.11111111111111"
"https://hentaivault.me/disclaimer","1","10","0.1","10.9"
"https://hentaivault.me/dmca","1","5","0.2","4.8"
"https://hentaivault.me/site.html?id=erogedownload","1","9","0.1111111111111111","30.77777777777778"
"https://hentaivault.me/site?id=0c1fe243","1","6","0.16666666666666666","8.666666666666668"
"https://hentaivault.me/site?id=0f61c3ed&lang=es","1","1","1","152"
"https://hentaivault.me/site?id=1a36119d","1","1","1","2"
"https://hentaivault.me/site?id=219f88a2","1","24","0.041666666666666664","7.291666666666667"
"https://hentaivault.me/site?id=456c3a91&lang=es","1","1","1","9"
"https://hentaivault.me/site?id=471f6f4c","1","14","0.07142857142857142","11"
"https://hentaivault.me/site?id=4d28dde2","1","4","0.25","9.25"
"https://hentaivault.me/site?id=6960933b&lang=ar","1","2","0.5","8.5"
"https://hentaivault.me/site?id=6a7d91c3&lang=jp","1","1","1","1"
"https://hentaivault.me/site?id=6f7666c4&lang=es","1","13","0.07692307692307693","11.153846153846153"
"https://hentaivault.me/site?id=81a949de","1","42","0.023809523809523808","9.095238095238095"
"https://hentaivault.me/site?id=86c39fbd&lang=fr","1","6","0.16666666666666666","5.666666666666667"
"https://hentaivault.me/site?id=98301a7c","1","5","0.2","10.4"
"https://hentaivault.me/site?id=adultnode","1","141","0.0070921985815602835","9.801418439716311"
"https://hentaivault.me/site?id=anichart","1","75","0.013333333333333334","28.88"
"https://hentaivault.me/site?id=anidl","1","10","0.1","32"
"https://hentaivault.me/site?id=boobpedia","1","21","0.047619047619047616","8.476190476190476"
"https://hentaivault.me/site?id=booru","1","7","0.14285714285714285","7.714285714285714"
"https://hentaivault.me/site?id=c1c1f97c","1","126","0.007936507936507936","5.698412698412699"
"https://hentaivault.me/site?id=c6111b1e","1","6","0.16666666666666666","5.833333333333333"
"https://hentaivault.me/site?id=contv","1","2","0.5","1"
"https://hentaivault.me/site?id=d105f204","1","1","1","15"
"https://hentaivault.me/site?id=d83d4b9b","1","32","0.03125","6.21875"
"https://hentaivault.me/site?id=d8f7bf4d&lang=es","1","1","1","78"
"https://hentaivault.me/site?id=d8f7bf4d&lang=fr","1","13","0.07692307692307693","9.615384615384615"
"https://hentaivault.me/site?id=db13c5a6","1","6","0.16666666666666666","10"
"https://hentaivault.me/site?id=db13c5a6&lang=ar","1","1","1","8"
"https://hentaivault.me/site?id=dd9501aa","1","9","0.1111111111111111","9.222222222222221"
"https://hentaivault.me/site?id=efb2bd2e&lang=es","1","68","0.014705882352941176","9.852941176470589"
"https://hentaivault.me/site?id=eroge_japan_mpzc2vrg&lang=es","1","1","1","1"
"https://hentaivault.me/site?id=erome","1","1","1","2"
"https://hentaivault.me/site?id=f4a95467&lang=ar","1","1","1","26"
"https://hentaivault.me/site?id=fakku","1","3","0.3333333333333333","9.333333333333334"
"https://hentaivault.me/site?id=fanzadoujin&lang=pt","1","1","1","3"
"https://hentaivault.me/site?id=fc2adult","1","22","0.045454545454545456","5.045454545454546"
"https://hentaivault.me/site?id=fcab9a6b","1","2","0.5","12"
"https://hentaivault.me/site?id=fr_mq6h3iji&lang=es","1","1","1","11"
"https://hentaivault.me/site?id=freepfactory_mq241p4v&lang=es","1","6","0.16666666666666666","6"
"https://hentaivault.me/site?id=fuckerville_mq0rj3hi","1","6","0.16666666666666666","6.5"
"https://hentaivault.me/site?id=hanime","1","63","0.015873015873015872","7"
"https://hentaivault.me/site?id=hdxtube_mq3kyug2","1","5","0.2","15.6"
"https://hentaivault.me/site?id=hentai4k_mq0rj3hh","1","41","0.024390243902439025","7.048780487804878"
"https://hentaivault.me/site?id=hentaifreak&lang=es","1","1","1","1"
"https://hentaivault.me/site?id=hentaimama&lang=pt","1","4","0.25","7.5"
"https://hentaivault.me/site?id=hentaipros","1","13","0.07692307692307693","6.230769230769231"
"https://hentaivault.me/site?id=hentaitv&lang=ar","1","1","1","4"
"https://hentaivault.me/site?id=hentaiw_mq7x3q5w&lang=jp","1","14","0.07142857142857142","3.7142857142857144"
"https://hentaivault.me/site?id=hentaiworld","1","11","0.09090909090909091","7.818181818181818"
"https://hentaivault.me/site?id=hitomila","1","86","0.011627906976744186","9.476744186046512"
"https://hentaivault.me/site?id=joysporn_mq3kyug2&lang=jp","1","2","0.5","4.5"
"https://hentaivault.me/site?id=letmejerk_mq7x3q5w&lang=de","1","2","0.5","82"
"https://hentaivault.me/site?id=mangaowl","1","3","0.3333333333333333","3.6666666666666665"
"https://hentaivault.me/site?id=metrics_mq0rj3hh&lang=jp","1","1","1","4"
"https://hentaivault.me/site?id=nsfwgify_mq9dvcl9","1","88","0.011363636363636364","5.3522727272727275"
"https://hentaivault.me/site?id=perfectgonzo","1","2","0.5","1.5"
"https://hentaivault.me/site?id=pornforteen_mqasar1k","1","4","0.25","9"
"https://hentaivault.me/site?id=rule34xxx","1","28","0.03571428571428571","8.071428571428571"
"https://hentaivault.me/site?id=sexalarabb_mq9dvcl9","1","28","0.03571428571428571","6.357142857142857"
"https://hentaivault.me/site?id=shemalepower_mq547jfa","1","81","0.012345679012345678","6.654320987654321"
"https://hentaivault.me/site?id=teen_tube_19_mq9dvcl9","1","31","0.03225806451612903","5.67741935483871"
"https://hentaivault.me/site?id=theslutporn_mq9dvcl9","1","42","0.023809523809523808","9.119047619047619"
"https://hentaivault.me/site?id=tommysbookmarks_mq6h3iji&lang=jp","1","2","0.5","3"
"https://hentaivault.me/site?id=truyenkkz_mq9dvcl9","1","7","0.14285714285714285","40.142857142857146"
"https://hentaivault.me/site?id=xemales_mq9dvcl9","1","38","0.02631578947368421","3.736842105263158"
"http://hentaivault.me/privacy","0","9","0","5.888888888888889"
"http://hentaivault.me/site.html?id=4tube","0","1","0","9"
"http://hentaivault.me/site.html?id=adultgamesworld","0","6","0","9"
"http://hentaivault.me/site.html?id=ahme","0","7","0","6.857142857142857"
"http://hentaivault.me/site.html?id=anilist","0","2","0","10.5"
"http://hentaivault.me/site.html?id=animepahe","0","1","0","27"
"http://hentaivault.me/site.html?id=animetosho","0","12","0","24.25"
"http://hentaivault.me/site.html?id=babes","0","1","0","10"
"http://hentaivault.me/site.html?id=boobpedia","0","11","0","9.545454545454545"
"http://hentaivault.me/site.html?id=brazzersnetwork","0","1","0","82"
"http://hentaivault.me/site.html?id=contv","0","1","0","23"
"http://hentaivault.me/site.html?id=coolmic","0","1","0","5"
"http://hentaivault.me/site.html?id=daftsex","0","8","0","3.75"
"http://hentaivault.me/site.html?id=dlraw","0","3","0","26.666666666666668"
"http://hentaivault.me/site.html?id=dlsite","0","2","0","10"
"http://hentaivault.me/site.html?id=drtuber","0","2","0","9"
"http://hentaivault.me/site.html?id=epicgamesstore","0","2","0","32.5"
"http://hentaivault.me/site.html?id=erogedownload","0","3","0","6"
"http://hentaivault.me/site.html?id=fakku","0","1","0","20"
"http://hentaivault.me/site.html?id=fanbox","0","1","0","11"
"http://hentaivault.me/site.html?id=fanzagames","0","2","0","6"
"http://hentaivault.me/site.html?id=girlsway","0","1","0","58"
"http://hentaivault.me/site.html?id=hegreart","0","1","0","7"
"http://hentaivault.me/site.html?id=helixstudios","0","1","0","19"
"http://hentaivault.me/site.html?id=hentaifoundry","0","1","0","10"
"http://hentaivault.me/site.html?id=iafd","0","25","0","34.92"
"http://hentaivault.me/site.html?id=irodoricomics","0","2","0","10.5"
"http://hentaivault.me/site.html?id=itazuraneko","0","22","0","7.954545454545454"
"http://hentaivault.me/site.html?id=itchio","0","3","0","10.666666666666666"
"http://hentaivault.me/site.html?id=jastusa","0","1","0","11"
"http://hentaivault.me/site.html?id=johren","0","10","0","12.3"
"http://hentaivault.me/site.html?id=joymii","0","3","0","6.333333333333333"
"http://hentaivault.me/site.html?id=kickassanime","0","6","0","7.5"
"http://hentaivault.me/site.html?id=komiflo","0","2","0","2.5"
"http://hentaivault.me/site.html?id=legalporno","0","3","0","10"
"http://hentaivault.me/site.html?id=modelhub","0","3","0","10.333333333333334"
"http://hentaivault.me/site.html?id=motherless","0","1","0","37"
"http://hentaivault.me/site.html?id=playasia","0","1","0","2"
"http://hentaivault.me/site.html?id=pocketstars","0","3","0","9"
"http://hentaivault.me/site.html?id=prestigemgs","0","1","0","2"
"http://hentaivault.me/site.html?id=puretaboo","0","4","0","14"
"http://hentaivault.me/site.html?id=rawsenmanga","0","4","0","9.75"
"http://hentaivault.me/site.html?id=redtube","0","2","0","8.5"
"http://hentaivault.me/site.html?id=renta","0","2","0","29"
"http://hentaivault.me/site.html?id=rmanga","0","1","0","9"
"http://hentaivault.me/site.html?id=sukebei","0","1","0","6"
"http://hentaivault.me/site.html?id=sunporno","0","2","0","6.5"
"http://hentaivault.me/site.html?id=sxyprn","0","5","0","7.4"
"http://hentaivault.me/site.html?id=teamskeet","0","4","0","29.5"
"http://hentaivault.me/site.html?id=toranoana","0","3","0","22.333333333333332"
"http://hentaivault.me/site.html?id=tubev","0","3","0","32.66666666666667"
"http://hentaivault.me/site.html?id=twitter","0","2","0","6.5"
"http://hentaivault.me/site.html?id=unextadult","0","11","0","4"
"http://hentaivault.me/site.html?id=xart","0","1","0","4"
"http://hentaivault.me/site.html?id=xmodels","0","10","0","16"
"http://hentaivault.me/site.html?id=zerochan","0","39","0","9.64102564102564"
"http://hentaivault.me/site?id=adultfriendfinder","0","1","0","7"
"http://hentaivault.me/site?id=adultgamesworld","0","3","0","23.333333333333332"
"http://hentaivault.me/site?id=amazonprimevideo","0","3","0","12"
"http://hentaivault.me/site?id=anidex","0","2","0","7.5"
"http://hentaivault.me/site?id=anilist","0","3","0","9.666666666666666"
"http://hentaivault.me/site?id=anilist&lang=fr","0","3","0","9"
"http://hentaivault.me/site?id=animepahe","0","9","0","11"
"http://hentaivault.me/site?id=anioneyoutube","0","2","0","9"
"http://hentaivault.me/site?id=boobpedia","0","3","0","5"
"http://hentaivault.me/site?id=contv","0","1","0","2"
"http://hentaivault.me/site?id=coolmic","0","1","0","45"
"http://hentaivault.me/site?id=copymanga","0","1","0","3"
"http://hentaivault.me/site?id=czechvr","0","1","0","10"
"http://hentaivault.me/site?id=danbooru","0","11","0","7.454545454545454"
"http://hentaivault.me/site?id=discord","0","5","0","11"
"http://hentaivault.me/site?id=dlraw","0","3","0","18.333333333333332"
"http://hentaivault.me/site?id=dlsite","0","1","0","10"
"http://hentaivault.me/site?id=dmmgames","0","13","0","7.846153846153846"
"http://hentaivault.me/site?id=dmmgames&lang=fr","0","2","0","6.5"
"http://hentaivault.me/site?id=eroticax","0","2","0","3.5"
"http://hentaivault.me/site?id=fakku","0","2","0","8"
"http://hentaivault.me/site?id=fanzagames","0","5","0","7.4"
"http://hentaivault.me/site?id=fetlife","0","1","0","10"
"http://hentaivault.me/site?id=gogoanime","0","1","0","10"
"http://hentaivault.me/site?id=hanime&lang=jp","0","1","0","4"
"http://hentaivault.me/site?id=hardx","0","1","0","7"
"http://hentaivault.me/site?id=heavyr","0","2","0","5.5"
"http://hentaivault.me/site?id=hegreart","0","15","0","12.733333333333333"
"http://hentaivault.me/site?id=helixstudios","0","2","0","6"
"http://hentaivault.me/site?id=hentaicloud&lang=es","0","1","0","19"
"http://hentaivault.me/site?id=hentaifoundry","0","8","0","12.375"
"http://hentaivault.me/site?id=hentaistv","0","3","0","5.666666666666667"
"http://hentaivault.me/site?id=iafd","0","16","0","28.5625"
"http://hentaivault.me/site?id=ifans","0","1","0","9"
"http://hentaivault.me/site?id=irodoricomics","0","1","0","59"
"http://hentaivault.me/site?id=itazuraneko","0","4","0","8"
"http://hentaivault.me/site?id=itchio","0","1","0","5"
"http://hentaivault.me/site?id=jastblue","0","1","0","41"
"http://hentaivault.me/site?id=johren","0","4","0","23.25"
"http://hentaivault.me/site?id=johren&lang=fr","0","1","0","24"
"http://hentaivault.me/site?id=johren&lang=jp","0","2","0","10.5"
"http://hentaivault.me/site?id=joymii","0","3","0","19.666666666666668"
"http://hentaivault.me/site?id=kickassanime","0","1","0","20"
"http://hentaivault.me/site?id=komiflo","0","7","0","3.7142857142857144"
"http://hentaivault.me/site?id=legalporno&lang=jp","0","1","0","7"
"http://hentaivault.me/site?id=lezhin","0","1","0","10"
"http://hentaivault.me/site?id=mandarake","0","2","0","10"
"http://hentaivault.me/site?id=manganato","0","1","0","7"
"http://hentaivault.me/site?id=modelhub","0","3","0","3.6666666666666665"
"http://hentaivault.me/site?id=naughtyamerica","0","3","0","18"
"http://hentaivault.me/site?id=nyaa","0","5","0","6.6"
"http://hentaivault.me/site?id=nyaa&lang=es","0","1","0","17"
"http://hentaivault.me/site?id=pocketstars","0","3","0","8.333333333333332"
"http://hentaivault.me/site?id=pornmd","0","8","0","2.625"
"http://hentaivault.me/site?id=pornmd&lang=jp","0","10","0","3.1"
"http://hentaivault.me/site?id=pornstarplatinum","0","2","0","27.5"
"http://hentaivault.me/site?id=prestigemgs","0","2","0","2.5"
"http://hentaivault.me/site?id=pururin&lang=es","0","8","0","7.625"
"http://hentaivault.me/site?id=pururin&lang=jp","0","2","0","6"
"http://hentaivault.me/site?id=ranime","0","1","0","1"
"http://hentaivault.me/site?id=rawkuma","0","2","0","6"
"http://hentaivault.me/site?id=rawsenmanga","0","8","0","11.875"
"http://hentaivault.me/site?id=redtube","0","1","0","8"
"http://hentaivault.me/site?id=renta","0","2","0","7.5"
"http://hentaivault.me/site?id=rmanga","0","4","0","7.25"
"http://hentaivault.me/site?id=ryuugames","0","11","0","8.181818181818182"
"http://hentaivault.me/site?id=slushy","0","4","0","10"
"http://hentaivault.me/site?id=slutload","0","1","0","8"
"http://hentaivault.me/site?id=sospoilt&lang=es","0","1","0","8"
"http://hentaivault.me/site?id=sukebei","0","1","0","5"
"http://hentaivault.me/site?id=sxyprn","0","3","0","13"
"http://hentaivault.me/site?id=teamskeet","0","7","0","17.285714285714285"
"http://hentaivault.me/site?id=thumbzilla","0","1","0","2"
"http://hentaivault.me/site?id=twitter","0","2","0","9"
"http://hentaivault.me/site?id=twitter&lang=es","0","50","0","9.44"
"http://hentaivault.me/site?id=twitter&lang=fr","0","3","0","9.666666666666666"
"http://hentaivault.me/site?id=twitter&lang=jp","0","1","0","10"
"http://hentaivault.me/site?id=unextadult&lang=es","0","4","0","3.5"
"http://hentaivault.me/site?id=vnplanet","0","1","0","10"
"http://hentaivault.me/site?id=vnplanet&lang=fr","0","2","0","8"
"http://hentaivault.me/site?id=vntls","0","1","0","2"
"http://hentaivault.me/site?id=xart","0","2","0","34"
"http://hentaivault.me/site?id=zerochan","0","16","0","8.3125"
"https://hentaivault.me/?lang=es","0","1","0","8"
"https://hentaivault.me/blog","0","25","0","4.84"
"https://hentaivault.me/blog/best-streaming-2026.html","0","1","0","3"
"https://hentaivault.me/blog/best-streaming-2026?lang=en","0","3","0","2.333333333333333"
"https://hentaivault.me/blog/hanime-alternatives-2026?lang=es","0","4","0","7.5"
"https://hentaivault.me/blog/nhentai-alternatives-2026?lang=en","0","2","0","9"
"https://hentaivault.me/blog/privacy-safety-guide","0","78","0","7.102564102564102"
"https://hentaivault.me/category/communities?lang=ar","0","1","0","6"
"https://hentaivault.me/category/downloads","0","4","0","7.25"
"https://hentaivault.me/category/games?lang=pt","0","4","0","2.5"
"https://hentaivault.me/category/images-boorus?lang=ar","0","1","0","10"
"https://hentaivault.me/category/manga-doujin?lang=ar","0","1","0","3"
"https://hentaivault.me/compare?site1=01659395&site2=b06520bb","0","1","0","9"
"https://hentaivault.me/compare?site1=02e40108&site2=b06520bb","0","4","0","6"
"https://hentaivault.me/compare?site1=06070b74&site2=b06520bb","0","5","0","4"
"https://hentaivault.me/compare?site1=063edd52&site2=kodanshacomics","0","1","0","5"
"https://hentaivault.me/compare?site1=0d1538e4&site2=b06520bb","0","1","0","10"
"https://hentaivault.me/compare?site1=15292675&site2=b06520bb","0","1","0","7"
"https://hentaivault.me/compare?site1=1c8404bf&site2=b06520bb","0","1","0","3"
"https://hentaivault.me/compare?site1=1pondo&site2=vixenmediagroup","0","1","0","1"
"https://hentaivault.me/compare?site1=3b99e1d4&site2=crunchyroll","0","3","0","7.666666666666667"
"https://hentaivault.me/compare?site1=4ef6e9ee&site2=freeones","0","11","0","9.090909090909092"
"https://hentaivault.me/compare?site1=5eaadb3b&site2=konachan","0","1","0","6"
"https://hentaivault.me/compare?site1=69games_mq547jfa&site2=steamvisualnovels","0","2","0","5"
"https://hentaivault.me/compare?site1=7b7bd7ea&site2=anilist","0","4","0","29.25"
"https://hentaivault.me/compare?site1=7b7bd7ea&site2=kofi","0","1","0","1"
"https://hentaivault.me/compare?site1=87eedcae&site2=crunchyroll","0","1","0","3"
"https://hentaivault.me/compare?site1=87eedcae&site2=hidive","0","3","0","8.333333333333332"
"https://hentaivault.me/compare?site1=909b1369&site2=b06520bb","0","2","0","4"
"https://hentaivault.me/compare?site1=96349af8&site2=b06520bb","0","2","0","7.5"
"https://hentaivault.me/compare?site1=98750e08&site2=itchio","0","1","0","13"
"https://hentaivault.me/compare?site1=ac8b1c21&site2=crunchyroll","0","2","0","12.5"
"https://hentaivault.me/compare?site1=ac8b1c21&site2=hidive","0","1","0","46"
"https://hentaivault.me/compare?site1=adman_mqc5sx8n&site2=gammaentertainment","0","1","0","4"
"https://hentaivault.me/compare?site1=anichart&site2=anilist","0","1","0","27"
"https://hentaivault.me/compare?site1=anichart&site2=animeplanet","0","3","0","54.333333333333336"
"https://hentaivault.me/compare?site1=animekaizoku_mpzc2vrg&site2=nyaa","0","1","0","7"
"https://hentaivault.me/compare?site1=b94fa6e4&site2=itchio","0","1","0","48"
"https://hentaivault.me/compare?site1=b9843d08&site2=bdf7d54d","0","2","0","10"
"https://hentaivault.me/compare?site1=bcc116c6&site2=b06520bb","0","3","0","7"
"https://hentaivault.me/compare?site1=be237105&site2=b06520bb","0","1","0","18"
"https://hentaivault.me/compare?site1=bokepins_mqasar1k&site2=vixenmediagroup","0","2","0","6.5"
"https://hentaivault.me/compare?site1=booru&site2=danbooru","0","1","0","5"
"https://hentaivault.me/compare?site1=booru&site2=konachan","0","1","0","11"
"https://hentaivault.me/compare?site1=boothpm&site2=fantia","0","3","0","8.666666666666668"
"https://hentaivault.me/compare?site1=caa85630&site2=b06520bb","0","6","0","8"
"https://hentaivault.me/compare?site1=crunchyroll&site2=amazonprimevideo","0","1","0","7"
"https://hentaivault.me/compare?site1=d082a9b9&site2=itchio","0","2","0","10"
"https://hentaivault.me/compare?site1=d082a9b9&site2=nisa","0","2","0","14.5"
"https://hentaivault.me/compare?site1=d082a9b9&site2=steamvisualnovels","0","3","0","16.666666666666664"
"https://hentaivault.me/compare?site1=digitalplayground&site2=vixenmediagroup","0","1","0","1"
"https://hentaivault.me/compare?site1=dlsite&site2=itchio","0","1","0","6"
"https://hentaivault.me/compare?site1=dmmgames&site2=itchio","0","1","0","6"
"https://hentaivault.me/compare?site1=e3a5872c&site2=b06520bb","0","2","0","9"
"https://hentaivault.me/compare?site1=ea8bd504&site2=steamvisualnovels","0","1","0","4"
"https://hentaivault.me/compare?site1=efb2bd2e&site2=b06520bb","0","3","0","5"
"https://hentaivault.me/compare?site1=erogedownload&site2=johren","0","1","0","5"
"https://hentaivault.me/compare?site1=erogedownload&site2=steamvisualnovels","0","15","0","19.666666666666668"
"https://hentaivault.me/compare?site1=evilangel&site2=adulttime","0","1","0","2"
"https://hentaivault.me/compare?site1=f2906892&site2=crunchyroll","0","1","0","15"
"https://hentaivault.me/compare?site1=fad2db04&site2=kodanshacomics","0","9","0","15.88888888888889"
"https://hentaivault.me/compare?site1=fanzadoujin&site2=kodanshacomics","0","7","0","7.142857142857143"
"https://hentaivault.me/compare?site1=faphouse&site2=evilangel","0","1","0","1"
"https://hentaivault.me/compare?site1=fc4634c5&site2=anilist","0","2","0","3.5"
"https://hentaivault.me/compare?site1=furaffinity_mq0rj3hh&site2=e621","0","7","0","7"
"https://hentaivault.me/compare?site1=gammaentertainment&site2=evilangel","0","1","0","3"
"https://hentaivault.me/compare?site1=hakuneko_mpzc2vrg&site2=rawkuma","0","1","0","11"
"https://hentaivault.me/compare?site1=hakuneko_mpzc2vrg&site2=rawsenmanga","0","1","0","8"
"https://hentaivault.me/compare?site1=hentai_stream_mq0rj3hh&site2=nhentai","0","7","0","5.857142857142857"
"https://hentaivault.me/compare?site1=hentairead_mpzc2vrg&site2=mangaplus","0","1","0","10"
"https://hentaivault.me/compare?site1=hqporner&site2=pornhub","0","1","0","8"
"https://hentaivault.me/compare?site1=hqporner&site2=xnxx","0","2","0","10"
"https://hentaivault.me/compare?site1=hypnohub_mq0rj3hh&site2=paylex_exchange_mqc5sx8n","0","2","0","58"
"https://hentaivault.me/compare?site1=indianpclips_mq7x3q5w&site2=evilangel","0","1","0","4"
"https://hentaivault.me/compare?site1=indianpclips_mq7x3q5w&site2=vixenmediagroup","0","1","0","7"
"https://hentaivault.me/compare?site1=indianpclips_mq7x3q5w&site2=zerotolerance","0","1","0","9"
"https://hentaivault.me/compare?site1=iwantclips&site2=loyalfans","0","1","0","7"
"https://hentaivault.me/compare?site1=johren&site2=dmmgames","0","5","0","6.2"
"https://hentaivault.me/compare?site1=johren&site2=steamvisualnovels","0","1","0","10"
"https://hentaivault.me/compare?site1=komiflo&site2=vizmedia","0","1","0","5"
"https://hentaivault.me/compare?site1=lewdzone&site2=itchio","0","2","0","20"
"https://hentaivault.me/compare?site1=lewdzone&site2=steamvisualnovels","0","1","0","6"
"https://hentaivault.me/compare?site1=mangadex&site2=mangaplus","0","2","0","5"
"https://hentaivault.me/compare?site1=mangapanda&site2=copymanga","0","1","0","58"
"https://hentaivault.me/compare?site1=mangapanda&site2=mangaplus","0","1","0","14"
"https://hentaivault.me/compare?site1=nutaku&site2=johren","0","1","0","4"
"https://hentaivault.me/compare?site1=onlyfans&site2=alua","0","1","0","9"
"https://hentaivault.me/compare?site1=paheal&site2=pixiv","0","1","0","9"
"https://hentaivault.me/compare?site1=paheal&site2=rule34xxx","0","1","0","11"
"https://hentaivault.me/compare?site1=penthouse&site2=vixenmediagroup","0","1","0","2"
"https://hentaivault.me/compare?site1=pornovideow_mq9dvcl9&site2=evilangel","0","2","0","13"
"https://hentaivault.me/compare?site1=pornovideow_mq9dvcl9&site2=gammaentertainment","0","7","0","5.428571428571429"
"https://hentaivault.me/compare?site1=pornovideow_mq9dvcl9&site2=vixenmediagroup","0","1","0","26"
"https://hentaivault.me/compare?site1=pururin&site2=kodanshacomics","0","2","0","5"
"https://hentaivault.me/compare?site1=rentry_mpzc2vrg&site2=kitsu","0","1","0","10"
"https://hentaivault.me/compare?site1=roccosiffredi&site2=vixenmediagroup","0","1","0","6"
"https://hentaivault.me/compare?site1=sangetods_mqasar1k&site2=gammaentertainment","0","3","0","9.333333333333334"
"https://hentaivault.me/compare?site1=sofurry_mq0rj3hh&site2=e621","0","2","0","2.5"
"https://hentaivault.me/compare?site1=spizoo&site2=vixenmediagroup","0","1","0","1"
"https://hentaivault.me/compare?site1=sunporno&site2=xvideos","0","1","0","22"
"https://hentaivault.me/compare?site1=swallowed&site2=vixenmediagroup","0","1","0","1"
"https://hentaivault.me/compare?site1=toomics&site2=kodanshacomics","0","1","0","5"
"https://hentaivault.me/compare?site1=toomics&site2=tappytoon","0","2","0","8"
"https://hentaivault.me/compare?site1=tushy&site2=vixenmediagroup","0","3","0","6"
"https://hentaivault.me/compare?site1=vulkanvegas41_mq3kyug2&site2=zerotolerance","0","1","0","3"
"https://hentaivault.me/compare?site1=xad_mq241p4u&site2=evilangel","0","1","0","2"
"https://hentaivault.me/compare?site1=xad_mq241p4u&site2=vixenmediagroup","0","1","0","3"
"https://hentaivault.me/compare?site1=xhamster&site2=pornhub","0","2","0","1.5"
"https://hentaivault.me/compare?site1=xhbranch4_mqhyziyu&site2=gammaentertainment","0","1","0","3"
"https://hentaivault.me/compare?site1=xnxx&site2=pornhub","0","1","0","11"
"https://hentaivault.me/embed?id=3a3e1562","0","1","0","6"
"https://hentaivault.me/embed?id=81a949de","0","1","0","8"
"https://hentaivault.me/embed?id=bigassex_mqasar1k","0","1","0","32"
"https://hentaivault.me/embed?id=c52f1a24","0","1","0","4"
"https://hentaivault.me/embed?id=cff2aed5","0","1","0","5"
"https://hentaivault.me/privacy","0","12","0","25.416666666666668"
"https://hentaivault.me/site.html?id=animenewsnetwork","0","2","0","5"
"https://hentaivault.me/site.html?id=animixplay","0","1","0","10"
"https://hentaivault.me/site.html?id=cdjapan","0","1","0","5"
"https://hentaivault.me/site.html?id=f95zone","0","2","0","9.5"
"https://hentaivault.me/site.html?id=kaguragames","0","2","0","2.5"
"https://hentaivault.me/site.html?id=kickassanime","0","1","0","21"
"https://hentaivault.me/site.html?id=lewdzone","0","2","0","16.5"
"https://hentaivault.me/site.html?id=mangakakalot","0","1","0","4"
"https://hentaivault.me/site.html?id=vndb","0","1","0","10"
"https://hentaivault.me/site?id=010d4938","0","5","0","9"
"https://hentaivault.me/site?id=010d4938&lang=de","0","1","0","26"
"https://hentaivault.me/site?id=02bfda79&lang=es","0","4","0","9.75"
"https://hentaivault.me/site?id=03ad98df&lang=fr","0","1","0","10"
"https://hentaivault.me/site?id=03ad98df&lang=jp","0","6","0","9.666666666666666"
"https://hentaivault.me/site?id=04542720&lang=ar","0","1","0","9"
"https://hentaivault.me/site?id=058e38cc","0","1","0","1"
"https://hentaivault.me/site?id=05bdae79&lang=fr","0","2","0","4"
"https://hentaivault.me/site?id=08430501","0","1","0","69"
"https://hentaivault.me/site?id=0c1fe243&lang=es","0","1","0","9"
"https://hentaivault.me/site?id=0c1fe243&lang=fr","0","1","0","7"
"https://hentaivault.me/site?id=0c1fe243&lang=jp","0","1","0","4"
"https://hentaivault.me/site?id=0dbeaffb","0","9","0","1"
"https://hentaivault.me/site?id=0dbeaffb&lang=ar","0","1","0","3"
"https://hentaivault.me/site?id=0e90e7b9","0","1","0","9"
"https://hentaivault.me/site?id=12d39579&lang=es","0","6","0","7.166666666666667"
"https://hentaivault.me/site?id=12d39579&lang=fr","0","74","0","9.608108108108109"
"https://hentaivault.me/site?id=13319679&lang=ar","0","1","0","9"
"https://hentaivault.me/site?id=1337x&lang=hi","0","1","0","8"
"https://hentaivault.me/site?id=1408a14a","0","168","0","7.571428571428571"
"https://hentaivault.me/site?id=15250a2c&lang=es","0","3","0","6.666666666666667"
"https://hentaivault.me/site?id=169195d4","0","14","0","13.285714285714286"
"https://hentaivault.me/site?id=16a9d6f9&lang=hi","0","4","0","7"
"https://hentaivault.me/site?id=16faaf16&lang=pt","0","20","0","7.5"
"https://hentaivault.me/site?id=17ecc2f9","0","1","0","4"
"https://hentaivault.me/site?id=182aebf9","0","1","0","5"
"https://hentaivault.me/site?id=182d7d4b&lang=jp","0","1","0","10"
"https://hentaivault.me/site?id=1a3c781d","0","1","0","1"
"https://hentaivault.me/site?id=1b208337&lang=ar","0","5","0","6.4"
"https://hentaivault.me/site?id=1b208337&lang=es","0","1","0","28"
"https://hentaivault.me/site?id=1b54d11f","0","2","0","7"
"https://hentaivault.me/site?id=1c8404bf","0","2","0","10"
"https://hentaivault.me/site?id=1ef7fa37&lang=jp","0","1","0","26"
"https://hentaivault.me/site?id=20babcbe&lang=es","0","3","0","2"
"https://hentaivault.me/site?id=21sextury","0","1","0","7"
"https://hentaivault.me/site?id=24eb9266","0","391","0","9.332480818414322"
"https://hentaivault.me/site?id=26750a00","0","1","0","7"
"https://hentaivault.me/site?id=2b9a5aed","0","1","0","2"
"https://hentaivault.me/site?id=2cd93d2e&lang=de","0","5","0","8.4"
"https://hentaivault.me/site?id=2cd93d2e&lang=es","0","5","0","5.2"
"https://hentaivault.me/site?id=2cea30b8&lang=jp","0","2","0","9"
"https://hentaivault.me/site?id=2e759720","0","1","0","9"
"https://hentaivault.me/site?id=2f2ed399","0","3","0","9.333333333333334"
"https://hentaivault.me/site?id=30c4a58e","0","2","0","7.5"
"https://hentaivault.me/site?id=32a6ae43&lang=es","0","1","0","11"
"https://hentaivault.me/site?id=32bf6289","0","6","0","19.5"
"https://hentaivault.me/site?id=336fd676","0","1","0","8"
"https://hentaivault.me/site?id=34228407&lang=jp","0","1","0","26"
"https://hentaivault.me/site?id=342eaeb4","0","1","0","4"
"https://hentaivault.me/site?id=3490c3ba&lang=ar","0","1","0","1"
"https://hentaivault.me/site?id=360ee978","0","1","0","4"
"https://hentaivault.me/site?id=364e0cc7&lang=hi","0","211","0","8.85308056872038"
"https://hentaivault.me/site?id=3733f611&lang=fr","0","1","0","10"
"https://hentaivault.me/site?id=3733f611&lang=jp","0","2","0","4"
"https://hentaivault.me/site?id=3733f611&lang=pt","0","2","0","10"
"https://hentaivault.me/site?id=37c626f8","0","3","0","6"
"https://hentaivault.me/site?id=37c626f8&lang=jp","0","1","0","4"
"https://hentaivault.me/site?id=38085b4a&lang=es","0","1","0","80"
"https://hentaivault.me/site?id=391c6606","0","3","0","7.333333333333333"
"https://hentaivault.me/site?id=397e896c&lang=ar","0","2","0","1"
"https://hentaivault.me/site?id=397e896c&lang=es","0","4","0","7"
"https://hentaivault.me/site?id=3a3e1562","0","7","0","8.285714285714285"
"https://hentaivault.me/site?id=3a3e1562&lang=jp","0","4","0","7.5"
"https://hentaivault.me/site?id=3a4a1df2&lang=fr","0","50","0","7.02"
"https://hentaivault.me/site?id=3b4214b4&lang=es","0","3","0","13"
"https://hentaivault.me/site?id=3b4214b4&lang=fr","0","2","0","12.5"
"https://hentaivault.me/site?id=3b99e1d4","0","1","0","15"
"https://hentaivault.me/site?id=3cc03e4c","0","8","0","8.625"
"https://hentaivault.me/site?id=4054accf","0","2","0","7.5"
"https://hentaivault.me/site?id=4354e5dd","0","1","0","1"
"https://hentaivault.me/site?id=4354e5dd&lang=es","0","3","0","18.333333333333332"
"https://hentaivault.me/site?id=4354e5dd&lang=fr","0","1","0","27"
"https://hentaivault.me/site?id=4354e5dd&lang=pt","0","1","0","3"
"https://hentaivault.me/site?id=456c3a91","0","16","0","6.5625"
"https://hentaivault.me/site?id=46b3578b&lang=fr","0","1","0","17"
"https://hentaivault.me/site?id=46b3578b&lang=jp","0","1","0","10"
"https://hentaivault.me/site?id=4af14a8e","0","1","0","6"
"https://hentaivault.me/site?id=4chan_a","0","1","0","5"
"https://hentaivault.me/site?id=4deec6e7","0","9","0","20.88888888888889"
"https://hentaivault.me/site?id=4dfee387","0","1","0","6"
"https://hentaivault.me/site?id=4tube&lang=fr","0","4","0","6"
"https://hentaivault.me/site?id=51293782&lang=es","0","1","0","5"
"https://hentaivault.me/site?id=51293782&lang=fr","0","1","0","8"
"https://hentaivault.me/site?id=51293782&lang=jp","0","2","0","9.5"
"https://hentaivault.me/site?id=52e6a1c8","0","2","0","16.5"
"https://hentaivault.me/site?id=57759bdf","0","1","0","2"
"https://hentaivault.me/site?id=5a066baf&lang=jp","0","1","0","5"
"https://hentaivault.me/site?id=5a2c3e2f","0","2","0","2"
"https://hentaivault.me/site?id=5ae812a6","0","2","0","3"
"https://hentaivault.me/site?id=5afa4449","0","1","0","4"
"https://hentaivault.me/site?id=5eaadb3b","0","2","0","6.5"
"https://hentaivault.me/site?id=5eb9fd13&lang=es","0","1","0","9"
"https://hentaivault.me/site?id=5ed69e2d&lang=jp","0","3","0","6.666666666666667"
"https://hentaivault.me/site?id=60dddb0f","0","2","0","7.5"
"https://hentaivault.me/site?id=60f23da8&lang=fr","0","1","0","7"
"https://hentaivault.me/site?id=629f1ecb","0","2","0","6.5"
"https://hentaivault.me/site?id=6960933b&lang=de","0","1","0","9"
"https://hentaivault.me/site?id=6960933b&lang=pt","0","4","0","5.75"
"https://hentaivault.me/site?id=69games_mq547jfa","0","4","0","3.5"
"https://hentaivault.me/site?id=6a7d91c3&lang=ar","0","3","0","3.6666666666666665"
"https://hentaivault.me/site?id=6c16906f&lang=ar","0","1","0","5"
"https://hentaivault.me/site?id=6c16906f&lang=jp","0","1","0","8"
"https://hentaivault.me/site?id=6ed20671","0","9","0","7"
"https://hentaivault.me/site?id=6f049f37","0","2","0","10.5"
"https://hentaivault.me/site?id=6f7666c4&lang=pt","0","1","0","3"
"https://hentaivault.me/site?id=716abc1c","0","1","0","22"
"https://hentaivault.me/site?id=71fa3223","0","1","0","3"
"https://hentaivault.me/site?id=745354f2","0","1","0","10"
"https://hentaivault.me/site?id=76551542&lang=de","0","1","0","5"
"https://hentaivault.me/site?id=76aaa091","0","2","0","24.5"
"https://hentaivault.me/site?id=78092a0e","0","59","0","9.559322033898304"
"https://hentaivault.me/site?id=78092a0e&lang=de","0","4","0","9"
"https://hentaivault.me/site?id=78092a0e&lang=es","0","4","0","7"
"https://hentaivault.me/site?id=78092a0e&lang=fr","0","1","0","9"
"https://hentaivault.me/site?id=7891f951","0","2","0","9.5"
"https://hentaivault.me/site?id=7b7bd7ea","0","1","0","10"
"https://hentaivault.me/site?id=7baf2c43&lang=es","0","1","0","5"
"https://hentaivault.me/site?id=7baf2c43&lang=fr","0","1","0","3"
"https://hentaivault.me/site?id=7d359e64&lang=es","0","63","0","6.492063492063492"
"https://hentaivault.me/site?id=7d359e64&lang=fr","0","84","0","7.226190476190476"
"https://hentaivault.me/site?id=7ff445b3","0","1","0","19"
"https://hentaivault.me/site?id=7ff445b3&lang=jp","0","1","0","4"
"https://hentaivault.me/site?id=81a949de&lang=es","0","8","0","7.125"
"https://hentaivault.me/site?id=82586852","0","4","0","8"
"https://hentaivault.me/site?id=8374d438&lang=de","0","1","0","8"
"https://hentaivault.me/site?id=8374d438&lang=es","0","3","0","9.333333333333334"
"https://hentaivault.me/site?id=8374d438&lang=pt","0","1","0","10"
"https://hentaivault.me/site?id=843d37e9","0","1","0","9"
"https://hentaivault.me/site?id=84e0cdaa&lang=jp","0","1","0","13"
"https://hentaivault.me/site?id=86c39fbd&lang=ar","0","1","0","3"
"https://hentaivault.me/site?id=86c39fbd&lang=es","0","4","0","5.5"
"https://hentaivault.me/site?id=87eedcae&lang=es","0","1","0","5"
"https://hentaivault.me/site?id=8930ffce","0","3","0","9.666666666666666"
"https://hentaivault.me/site?id=8aac9634&lang=es","0","1","0","7"
"https://hentaivault.me/site?id=8b05c23a","0","8","0","4.375"
"https://hentaivault.me/site?id=8b18865c&lang=pt","0","2","0","8.5"
"https://hentaivault.me/site?id=8d51bbc6&lang=es","0","1","0","9"
"https://hentaivault.me/site?id=8d7af7a7","0","2","0","3.5"
"https://hentaivault.me/site?id=8d7af7a7&lang=es","0","5","0","5"
"https://hentaivault.me/site?id=913ae1f2&lang=es","0","3","0","7.333333333333333"
"https://hentaivault.me/site?id=917a7636&lang=jp","0","2","0","5"
"https://hentaivault.me/site?id=91be1c56","0","4","0","6.25"
"https://hentaivault.me/site?id=96349af8&lang=pt","0","1","0","3"
"https://hentaivault.me/site?id=98224e80","0","6","0","19.833333333333332"
"https://hentaivault.me/site?id=99e62107&lang=es","0","1","0","8"
"https://hentaivault.me/site?id=9be23fba&lang=jp","0","1","0","18"
"https://hentaivault.me/site?id=9bf7bbda","0","1","0","7"
"https://hentaivault.me/site?id=9e01c58b&lang=fr","0","1","0","8"
"https://hentaivault.me/site?id=9e4d31a1","0","2","0","12"
"https://hentaivault.me/site?id=9e4d31a1&lang=ar","0","1","0","5"
"https://hentaivault.me/site?id=a3ac19f0&lang=es","0","1","0","10"
"https://hentaivault.me/site?id=a3ac19f0&lang=jp","0","4","0","7.25"
"https://hentaivault.me/site?id=a59bb453&lang=jp","0","1","0","88"
"https://hentaivault.me/site?id=a6413fcb&lang=jp","0","3","0","2.333333333333333"
"https://hentaivault.me/site?id=a85bf9d0&lang=jp","0","1","0","10"
"https://hentaivault.me/site?id=a90fce29","0","1","0","10"
"https://hentaivault.me/site?id=a9c3c939&lang=es","0","1","0","4"
"https://hentaivault.me/site?id=ac787872&lang=hi","0","2","0","8"
"https://hentaivault.me/site?id=ac8b1c21&lang=ar","0","1","0","7"
"https://hentaivault.me/site?id=adultdvdtalk","0","2","0","8.5"
"https://hentaivault.me/site?id=adultgamesworld","0","9","0","8"
"https://hentaivault.me/site?id=adultnode&lang=de","0","1","0","6"
"https://hentaivault.me/site?id=aidoku_mpzc2vrg","0","2","0","16"
"https://hentaivault.me/site?id=allthefallen_mpzc2vrg","0","2","0","38"
"https://hentaivault.me/site?id=alphacoders","0","1","0","10"
"https://hentaivault.me/site?id=altporn&lang=fr","0","1","0","1"
"https://hentaivault.me/site?id=amateurtv","0","2","0","37"
"https://hentaivault.me/site?id=amateurtv&lang=es","0","1","0","10"
"https://hentaivault.me/site?id=amiami","0","1","0","7"
"https://hentaivault.me/site?id=anidb","0","1","0","8"
"https://hentaivault.me/site?id=anidex","0","1","0","13"
"https://hentaivault.me/site?id=anilist","0","7","0","8.285714285714285"
"https://hentaivault.me/site?id=anime1s","0","1","0","2"
"https://hentaivault.me/site?id=animedao","0","1","0","7"
"https://hentaivault.me/site?id=animefreak","0","2","0","18"
"https://hentaivault.me/site?id=animeidhentai","0","10","0","7.1"
"https://hentaivault.me/site?id=animenewsnetwork","0","2","0","8"
"https://hentaivault.me/site?id=animeonsen","0","47","0","25.23404255319149"
"https://hentaivault.me/site?id=animepahe","0","1","0","10"
"https://hentaivault.me/site?id=animeplanet","0","1","0","8"
"https://hentaivault.me/site?id=animesharing","0","10","0","5.4"
"https://hentaivault.me/site?id=animetosho","0","14","0","28.928571428571427"
"https://hentaivault.me/site?id=animetrending","0","1","0","8"
"https://hentaivault.me/site?id=animeultima","0","6","0","44.5"
"https://hentaivault.me/site?id=animeultima&lang=fr","0","1","0","72"
"https://hentaivault.me/site?id=anirena","0","4","0","3.75"
"https://hentaivault.me/site?id=anirena&lang=es","0","2","0","24.5"
"https://hentaivault.me/site?id=anirena&lang=jp","0","3","0","24.666666666666668"
"https://hentaivault.me/site?id=ascii2d_mpzc2vrg&lang=ar","0","1","0","10"
"https://hentaivault.me/site?id=asurascans&lang=jp","0","1","0","6"
"https://hentaivault.me/site?id=atfbooru","0","4","0","15.5"
"https://hentaivault.me/site?id=b165c8f8","0","1","0","11"
"https://hentaivault.me/site?id=b194db5d&lang=es","0","1","0","5"
"https://hentaivault.me/site?id=b194db5d&lang=fr","0","1","0","9"
"https://hentaivault.me/site?id=b1aa59f8&lang=es","0","1","0","94"
"https://hentaivault.me/site?id=b1aa59f8&lang=jp","0","3","0","24.333333333333332"
"https://hentaivault.me/site?id=b52214c3&lang=hi","0","1","0","10"
"https://hentaivault.me/site?id=b6170160","0","4","0","3.5"
"https://hentaivault.me/site?id=b9843d08","0","3","0","6"
"https://hentaivault.me/site?id=babepedia","0","3","0","6.666666666666667"
"https://hentaivault.me/site?id=babepedia&lang=fr","0","1","0","7"
"https://hentaivault.me/site?id=babestation","0","4","0","75"
"https://hentaivault.me/site?id=badoinkvr&lang=es","0","2","0","5"
"https://hentaivault.me/site?id=bakabt","0","6","0","29"
"https://hentaivault.me/site?id=bakabt&lang=fr","0","1","0","3"
"https://hentaivault.me/site?id=bangbros&lang=jp","0","1","0","3"
"https://hentaivault.me/site?id=bato","0","1","0","5"
"https://hentaivault.me/site?id=be237105&lang=ar","0","1","0","5"
"https://hentaivault.me/site?id=be237105&lang=fr","0","1","0","7"
"https://hentaivault.me/site?id=be237105&lang=jp","0","5","0","9.8"
"https://hentaivault.me/site?id=bigassex_mqasar1k","0","8","0","6.5"
"https://hentaivault.me/site?id=bilibili&lang=es","0","2","0","8.5"
"https://hentaivault.me/site?id=blacked","0","2","0","10"
"https://hentaivault.me/site?id=bookwalker&lang=fr","0","1","0","10"
"https://hentaivault.me/site?id=booru&lang=ar","0","1","0","6"
"https://hentaivault.me/site?id=booru&lang=es","0","3","0","30"
"https://hentaivault.me/site?id=boundhub","0","1","0","14"
"https://hentaivault.me/site?id=brasilhentai_mq547jf9","0","3","0","5.666666666666667"
"https://hentaivault.me/site?id=c004894b&lang=jp","0","1","0","24"
"https://hentaivault.me/site?id=c18c8a86","0","2","0","5"
"https://hentaivault.me/site?id=c1c1f97c&lang=es","0","1","0","5"
"https://hentaivault.me/site?id=c1d62249","0","16","0","17.5"
"https://hentaivault.me/site?id=c44f3aff&lang=fr","0","1","0","36"
"https://hentaivault.me/site?id=c44f3aff&lang=hi","0","1","0","16"
"https://hentaivault.me/site?id=c52f1a24","0","6","0","2.333333333333333"
"https://hentaivault.me/site?id=c52f1a24&lang=ar","0","6","0","2.333333333333333"
"https://hentaivault.me/site?id=c6841281&lang=jp","0","2","0","8"
"https://hentaivault.me/site?id=c718c43a&lang=fr","0","1","0","1"
"https://hentaivault.me/site?id=cam4","0","45","0","7.933333333333334"
"https://hentaivault.me/site?id=camcontacts","0","4","0","3.5"
"https://hentaivault.me/site?id=camsoda&lang=es","0","2","0","5.5"
"https://hentaivault.me/site?id=castelli_clothingsale_mq6h3iji","0","1","0","9"
"https://hentaivault.me/site?id=cb42c70c&lang=de","0","1","0","10"
"https://hentaivault.me/site?id=cb565e25","0","1","0","9"
"https://hentaivault.me/site?id=cdn_mq7x3q5w&lang=jp","0","1","0","9"
"https://hentaivault.me/site?id=cf7abfd4","0","1","0","6"
"https://hentaivault.me/site?id=chaturbate_mq9dvcl9","0","1","0","10"
"https://hentaivault.me/site?id=clips4sale","0","7","0","3.2857142857142856"
"https://hentaivault.me/site?id=comick","0","1","0","18"
"https://hentaivault.me/site?id=coolmic","0","1","0","9"
"https://hentaivault.me/site?id=coolmic&lang=pt","0","1","0","9"
"https://hentaivault.me/site?id=copymanga&lang=fr","0","1","0","4"
"https://hentaivault.me/site?id=corbinfisher","0","6","0","24.666666666666668"
"https://hentaivault.me/site?id=crossdresserhub_mqasar1k","0","2","0","9"
"https://hentaivault.me/site?id=crunchyrollnews","0","1","0","3"
"https://hentaivault.me/site?id=cuteporntube_mq241p4u&lang=de","0","1","0","18"
"https://hentaivault.me/site?id=d082a9b9","0","11","0","12.909090909090908"
"https://hentaivault.me/site?id=d105f204&lang=jp","0","1","0","5"
"https://hentaivault.me/site?id=d1387115&lang=es","0","1","0","15"
"https://hentaivault.me/site?id=d1f67561&lang=hi","0","1","0","3"
"https://hentaivault.me/site?id=d1f67561&lang=pt","0","1","0","18"
"https://hentaivault.me/site?id=d2b9faff&lang=hi","0","3","0","3.6666666666666665"
"https://hentaivault.me/site?id=d2b9faff&lang=pt","0","1","0","8"
"https://hentaivault.me/site?id=d373e200","0","1","0","6"
"https://hentaivault.me/site?id=d4e8ea73","0","1","0","21"
"https://hentaivault.me/site?id=d9a2d160&lang=es","0","1","0","5"
"https://hentaivault.me/site?id=dac21838&lang=de","0","1","0","10"
"https://hentaivault.me/site?id=daftsex","0","19","0","9"
"https://hentaivault.me/site?id=danbooru","0","25","0","10.48"
"https://hentaivault.me/site?id=danbooru&lang=es","0","1","0","4"
"https://hentaivault.me/site?id=danbooru&lang=jp","0","6","0","6.333333333333333"
"https://hentaivault.me/site?id=db7e6a16&lang=jp","0","1","0","10"
"https://hentaivault.me/site?id=ddfnetwork&lang=ar","0","1","0","78"
"https://hentaivault.me/site?id=debb711a","0","2","0","2"
"https://hentaivault.me/site?id=deeper","0","2","0","3"
"https://hentaivault.me/site?id=denpasoft","0","1","0","4"
"https://hentaivault.me/site?id=dlraw","0","2","0","8"
"https://hentaivault.me/site?id=dlsite","0","1","0","59"
"https://hentaivault.me/site?id=dlsite1&lang=jp","0","3","0","7.666666666666667"
"https://hentaivault.me/site?id=dmmgames","0","3","0","7.666666666666667"
"https://hentaivault.me/site?id=dmmgames&lang=fr","0","4","0","10"
"https://hentaivault.me/site?id=e14888aa","0","1","0","22"
"https://hentaivault.me/site?id=e14888aa&lang=es","0","8","0","8.125"
"https://hentaivault.me/site?id=e374bfff&lang=fr","0","1","0","1"
"https://hentaivault.me/site?id=e3a5872c","0","1","0","4"
"https://hentaivault.me/site?id=e3a5872c&lang=pt","0","1","0","11"
"https://hentaivault.me/site?id=e4d91567","0","1","0","7"
"https://hentaivault.me/site?id=e621","0","2","0","7.5"
"https://hentaivault.me/site?id=e6875667","0","1","0","11"
"https://hentaivault.me/site?id=e70c2bf2&lang=jp","0","1","0","8"
"https://hentaivault.me/site?id=e7ee41ab","0","6","0","3.8333333333333335"
"https://hentaivault.me/site?id=e8a400fd&lang=ar","0","1","0","9"
"https://hentaivault.me/site?id=e8a400fd&lang=jp","0","1","0","10"
"https://hentaivault.me/site?id=ea8bd504&lang=es","0","1","0","8"
"https://hentaivault.me/site?id=ebbb455b","0","1","0","11"
"https://hentaivault.me/site?id=ecdb9af3","0","1","0","98"
"https://hentaivault.me/site?id=ed2bb7c7","0","1","0","7"
"https://hentaivault.me/site?id=ede7ab32","0","1","0","11"
"https://hentaivault.me/site?id=efb2bd2e&lang=ar","0","2","0","18.5"
"https://hentaivault.me/site?id=efb2bd2e&lang=jp","0","10","0","7.2"
"https://hentaivault.me/site?id=efb2bd2e&lang=pt","0","10","0","8.8"
"https://hentaivault.me/site?id=ehentai","0","370","0","8.556756756756757"
"https://hentaivault.me/site?id=ehentai&lang=jp","0","3","0","7"
"https://hentaivault.me/site?id=en_mq9dvcl9&lang=ar","0","1","0","5"
"https://hentaivault.me/site?id=en_mqasar1k","0","2","0","6.5"
"https://hentaivault.me/site?id=eporner","0","30","0","3.1333333333333333"
"https://hentaivault.me/site?id=erogames","0","5","0","9.4"
"https://hentaivault.me/site?id=eroge_japan_mpzc2vrg","0","1","0","80"
"https://hentaivault.me/site?id=erogedownload","0","11","0","12.454545454545455"
"https://hentaivault.me/site?id=erogedownload&lang=pt","0","2","0","37.5"
"https://hentaivault.me/site?id=evilangel","0","2","0","8.5"
"https://hentaivault.me/site?id=f030902d&lang=es","0","5","0","23"
"https://hentaivault.me/site?id=f1eb944f","0","3","0","18.333333333333332"
"https://hentaivault.me/site?id=f1eb944f&lang=de","0","1","0","9"
"https://hentaivault.me/site?id=f1eb944f&lang=hi","0","1","0","16"
"https://hentaivault.me/site?id=f1eb944f&lang=pt","0","2","0","8.5"
"https://hentaivault.me/site?id=f215d85e","0","30","0","5.766666666666667"
"https://hentaivault.me/site?id=f2906892","0","18","0","12.11111111111111"
"https://hentaivault.me/site?id=f2a4c3cc","0","2","0","6.5"
"https://hentaivault.me/site?id=f4341b45&lang=fr","0","1","0","11"
"https://hentaivault.me/site?id=f53b43e4&lang=jp","0","1","0","34"
"https://hentaivault.me/site?id=f5fc367a&lang=hi","0","2","0","16.5"
"https://hentaivault.me/site?id=f5fc367a&lang=jp","0","3","0","12.333333333333334"
"https://hentaivault.me/site?id=f95zone","0","23","0","10.956521739130435"
"https://hentaivault.me/site?id=fad2db04","0","3","0","6.666666666666667"
"https://hentaivault.me/site?id=fanbox","0","2","0","3.5"
"https://hentaivault.me/site?id=fansly","0","1","0","10"
"https://hentaivault.me/site?id=fanzadmm&lang=de","0","3","0","8.666666666666668"
"https://hentaivault.me/site?id=fanzadmm&lang=fr","0","25","0","7.2"
"https://hentaivault.me/site?id=fanzadoujin&lang=ar","0","1","0","8"
"https://hentaivault.me/site?id=fanzadoujin&lang=de","0","2","0","3"
"https://hentaivault.me/site?id=fanzagames","0","2","0","7"
"https://hentaivault.me/site?id=fanzagames&lang=jp","0","1","0","7"
"https://hentaivault.me/site?id=fapbabe_mq7x3q5w","0","3","0","2"
"https://hentaivault.me/site?id=faphouse","0","1","0","7"
"https://hentaivault.me/site?id=fb3b5c9f","0","43","0","7.488372093023256"
"https://hentaivault.me/site?id=fdbcd037","0","2","0","6.5"
"https://hentaivault.me/site?id=fe9c2f5f&lang=es","0","4","0","13.5"
"https://hentaivault.me/site?id=fe9c2f5f&lang=pt","0","2","0","6"
"https://hentaivault.me/site?id=femdom_pov_mqc5sx8n","0","5","0","7"
"https://hentaivault.me/site?id=femjoy","0","2","0","3.5"
"https://hentaivault.me/site?id=fetlife","0","1","0","5"
"https://hentaivault.me/site?id=ffdab2ec","0","1","0","5"
"https://hentaivault.me/site?id=forbiddenfap_mq241p4u&lang=hi","0","1","0","14"
"https://hentaivault.me/site?id=forbiddenfap_mq241p4u&lang=pt","0","2","0","24.5"
"https://hentaivault.me/site?id=freexxxtoon_mq0rj3hi&lang=hi","0","1","0","24"
"https://hentaivault.me/site?id=funimation","0","7","0","16.57142857142857"
"https://hentaivault.me/site?id=furnitureinsas_mq3kyug1","0","1","0","8"
"https://hentaivault.me/site?id=furry_booru_mq0rj3hh&lang=jp","0","1","0","8"
"https://hentaivault.me/site?id=fuskator_moysq0a3","0","1","0","10"
"https://hentaivault.me/site?id=fuskator_moysq0a3&lang=hi","0","1","0","8"
"https://hentaivault.me/site?id=fuwanovel","0","3","0","7"
"https://hentaivault.me/site?id=fux","0","1","0","15"
"https://hentaivault.me/site?id=gammaentertainment","0","4","0","12.75"
"https://hentaivault.me/site?id=gay_address_mqc5sx8n&lang=es","0","9","0","4"
"https://hentaivault.me/site?id=gelbooru","0","1","0","11"
"https://hentaivault.me/site?id=gelbooru&lang=fr","0","2","0","5.5"
"https://hentaivault.me/site?id=girlfriendsfilms","0","3","0","1"
"https://hentaivault.me/site?id=go_mqasar1k","0","2","0","3.5"
"https://hentaivault.me/site?id=gofile_mpzc2vrg&lang=jp","0","1","0","5"
"https://hentaivault.me/site?id=goodsmile","0","1","0","4"
"https://hentaivault.me/site?id=gyutto","0","3","0","5.666666666666667"
"https://hentaivault.me/site?id=h_moe_mq0rj3hh&lang=de","0","2","0","9"
"https://hentaivault.me/site?id=hakuneko_mpzc2vrg","0","1","0","4"
"https://hentaivault.me/site?id=hclips","0","3","0","8"
"https://hentaivault.me/site?id=hdpornoo_mq7x3q5w","0","35","0","14.142857142857142"
"https://hentaivault.me/site?id=heavyr","0","1","0","18"
"https://hentaivault.me/site?id=hegreart","0","1","0","5"
"https://hentaivault.me/site?id=helixstudios","0","5","0","22.2"
"https://hentaivault.me/site?id=hentai20&lang=ar","0","1","0","7"
"https://hentaivault.me/site?id=hentai20&lang=es","0","8","0","16.25"
"https://hentaivault.me/site?id=hentai20&lang=fr","0","3","0","5.666666666666667"
"https://hentaivault.me/site?id=hentai20&lang=jp","0","2","0","5.5"
"https://hentaivault.me/site?id=hentai2read","0","2","0","6"
"https://hentaivault.me/site?id=hentai2read&lang=jp","0","1","0","6"
"https://hentaivault.me/site?id=hentai_cosplays_mq6h3iji","0","1","0","11"
"https://hentaivault.me/site?id=hentai_flash_mqasar1k","0","2","0","5.5"
"https://hentaivault.me/site?id=hentai_key_mq0rj3hh","0","5","0","4"
"https://hentaivault.me/site?id=hentaifoundry","0","21","0","7.857142857142857"
"https://hentaivault.me/site?id=hentaifox","0","15","0","7.066666666666666"
"https://hentaivault.me/site?id=hentaifox&lang=ar","0","1","0","5"
"https://hentaivault.me/site?id=hentaifreak","0","21","0","7.238095238095238"
"https://hentaivault.me/site?id=hentaifreak&lang=de","0","1","0","6"
"https://hentaivault.me/site?id=hentaifreak&lang=fr","0","5","0","8.8"
"https://hentaivault.me/site?id=hentaihaven","0","1","0","9"
"https://hentaivault.me/site?id=hentaihaven2","0","1","0","9"
"https://hentaivault.me/site?id=hentaihere","0","2","0","9.5"
"https://hentaivault.me/site?id=hentaihub5","0","1","0","4"
"https://hentaivault.me/site?id=hentaimama&lang=ar","0","1","0","9"
"https://hentaivault.me/site?id=hentaimama&lang=fr","0","1","0","3"
"https://hentaivault.me/site?id=hentaimama&lang=jp","0","8","0","5.125"
"https://hentaivault.me/site?id=hentaipros&lang=fr","0","4","0","1"
"https://hentaivault.me/site?id=hentaistream20&lang=es","0","1","0","6"
"https://hentaivault.me/site?id=hentaitv&lang=de","0","1","0","2"
"https://hentaivault.me/site?id=hentaivault43","0","24","0","6.833333333333333"
"https://hentaivault.me/site?id=heydouga","0","4","0","5.75"
"https://hentaivault.me/site?id=hgames","0","3","0","6"
"https://hentaivault.me/site?id=hijabmylfs_mq3kyug2&lang=pt","0","8","0","23.5"
"https://hentaivault.me/site?id=horny_gamer_mpzc2vrg&lang=es","0","1","0","4"
"https://hentaivault.me/site?id=horny_gamer_mpzc2vrg&lang=jp","0","1","0","5"
"https://hentaivault.me/site?id=hypnohub_mq0rj3hh","0","5","0","10"
"https://hentaivault.me/site?id=hypnotube_mqasar1k","0","7","0","6.571428571428571"
"https://hentaivault.me/site?id=i4_mq241p4u","0","1","0","2"
"https://hentaivault.me/site?id=imlive&lang=jp","0","1","0","3"
"https://hentaivault.me/site?id=indianpclips_mq7x3q5w","0","1","0","2"
"https://hentaivault.me/site?id=inkbunny_mq0rj3hh","0","3","0","7"
"https://hentaivault.me/site?id=inthecrack","0","2","0","7"
"https://hentaivault.me/site?id=iqdb_mpzc2vrg","0","1","0","72"
"https://hentaivault.me/site?id=itchio","0","4","0","7.5"
"https://hentaivault.me/site?id=itchio&lang=es","0","1","0","5"
"https://hentaivault.me/site?id=itchioadult","0","9","0","9"
"https://hentaivault.me/site?id=iwantclips","0","2","0","10"
"https://hentaivault.me/site?id=iwantclips&lang=es","0","1","0","6"
"https://hentaivault.me/site?id=jastblue&lang=jp","0","1","0","40"
"https://hentaivault.me/site?id=javbangers_mq7x3q5w","0","1","0","5"
"https://hentaivault.me/site?id=javbtc_mq9dvcl9","0","5","0","7.2"
"https://hentaivault.me/site?id=javetube_mq3kyug2&lang=ar","0","2","0","14"
"https://hentaivault.me/site?id=javout_mqasar1k","0","7","0","10.571428571428571"
"https://hentaivault.me/site?id=javpark_mq547jf9&lang=de","0","2","0","11"
"https://hentaivault.me/site?id=javpark_mq547jf9&lang=hi","0","1","0","13"
"https://hentaivault.me/site?id=joyporn_mq547jfa","0","1","0","9"
"https://hentaivault.me/site?id=juicechan_mq3kyug2&lang=de","0","4","0","16"
"https://hentaivault.me/site?id=kagura","0","1","0","10"
"https://hentaivault.me/site?id=kaguragames","0","1","0","7"
"https://hentaivault.me/site?id=kaido","0","2","0","9.5"
"https://hentaivault.me/site?id=keyvisual","0","1","0","5"
"https://hentaivault.me/site?id=kitsu","0","1","0","4"
"https://hentaivault.me/site?id=koharu","0","1","0","33"
"https://hentaivault.me/site?id=komiflo","0","12","0","3.5833333333333335"
"https://hentaivault.me/site?id=komiflo&lang=pt","0","1","0","9"
"https://hentaivault.me/site?id=latinafucktour_mqasar1k","0","1","0","5"
"https://hentaivault.me/site?id=legalporno&lang=es","0","1","0","2"
"https://hentaivault.me/site?id=lesbosland_mq3kyug2&lang=jp","0","1","0","58"
"https://hentaivault.me/site?id=lewdzone","0","26","0","6.730769230769231"
"https://hentaivault.me/site?id=literotica","0","4","0","7"
"https://hentaivault.me/site?id=loyalfans","0","1","0","5"
"https://hentaivault.me/site?id=luscious","0","2","0","8"
"https://hentaivault.me/site?id=m_mqdlv5i9","0","3","0","1"
"https://hentaivault.me/site?id=mangafire","0","11","0","7.909090909090909"
"https://hentaivault.me/site?id=mangagamer","0","2","0","1.5"
"https://hentaivault.me/site?id=mangakakalot","0","6","0","5.833333333333333"
"https://hentaivault.me/site?id=manganato&lang=fr","0","1","0","1"
"https://hentaivault.me/site?id=mangapanda","0","4","0","13.75"
"https://hentaivault.me/site?id=mangapanda&lang=de","0","2","0","40.5"
"https://hentaivault.me/site?id=mangapanda&lang=hi","0","1","0","61"
"https://hentaivault.me/site?id=mangasee","0","1","0","9"
"https://hentaivault.me/site?id=manta_comics_mpzc2vrg","0","1","0","8"
"https://hentaivault.me/site?id=manuelferrara&lang=es","0","2","0","5.5"
"https://hentaivault.me/site?id=manyvids","0","3","0","8.333333333333332"
"https://hentaivault.me/site?id=metart","0","1","0","6"
"https://hentaivault.me/site?id=mihon_mpzc2vrg","0","1","0","7"
"https://hentaivault.me/site?id=milehighmedia","0","1","0","6"
"https://hentaivault.me/site?id=myanimelist","0","1","0","4"
"https://hentaivault.me/site?id=myreadingmanga","0","4","0","6"
"https://hentaivault.me/site?id=myreadingmanga&lang=jp","0","3","0","7"
"https://hentaivault.me/site?id=nautiljon","0","15","0","11.466666666666667"
"https://hentaivault.me/site?id=nekonyan","0","4","0","33.25"
"https://hentaivault.me/site?id=newgrounds","0","1","0","11"
"https://hentaivault.me/site?id=nextdoorstudios","0","4","0","6.5"
"https://hentaivault.me/site?id=nhentai","0","11","0","4.818181818181818"
"https://hentaivault.me/site?id=nightsex_mq9dvcl9","0","2","0","1"
"https://hentaivault.me/site?id=nisa","0","1","0","40"
"https://hentaivault.me/site?id=nonktube_mq9dvcl9","0","6","0","20.166666666666668"
"https://hentaivault.me/site?id=nsfwgify_mq9dvcl9&lang=es","0","1","0","20"
"https://hentaivault.me/site?id=nsfwgify_mq9dvcl9&lang=pt","0","1","0","12"
"https://hentaivault.me/site?id=nudeteenphotos_mq7x3q5w","0","1","0","1"
"https://hentaivault.me/site?id=nyaa","0","1","0","9"
"https://hentaivault.me/site?id=oed_po_mq9dvcl9","0","2","0","2.5"
"https://hentaivault.me/site?id=officeemailverification3653_mqasar1k","0","1","0","1"
"https://hentaivault.me/site?id=ohentai_mq0rj3hh&lang=ar","0","1","0","8"
"https://hentaivault.me/site?id=paheal","0","15","0","5.733333333333333"
"https://hentaivault.me/site?id=passionhd","0","6","0","6.833333333333333"
"https://hentaivault.me/site?id=persiansexvideos_mq9dvcl9","0","1","0","10"
"https://hentaivault.me/site?id=pink_label_tv_mpzc2vrg","0","4","0","7.5"
"https://hentaivault.me/site?id=pink_label_tv_mpzc2vrg&lang=de","0","2","0","8"
"https://hentaivault.me/site?id=pirattranny_mq9dvcl9","0","150","0","8.026666666666667"
"https://hentaivault.me/site?id=playasia","0","1","0","6"
"https://hentaivault.me/site?id=plutotvanime&lang=es","0","1","0","3"
"https://hentaivault.me/site?id=pocketstars","0","1","0","5"
"https://hentaivault.me/site?id=pocketstars&lang=jp","0","1","0","14"
"https://hentaivault.me/site?id=pornez_mqasar1k","0","1","0","7"
"https://hentaivault.me/site?id=pornhd","0","3","0","5.333333333333333"
"https://hentaivault.me/site?id=pornj_mq6h3iji&lang=pt","0","1","0","60"
"https://hentaivault.me/site?id=pornmd&lang=es","0","1","0","4"
"https://hentaivault.me/site?id=pornmd&lang=jp","0","6","0","5.666666666666667"
"https://hentaivault.me/site?id=pornrox_mq241p4u&lang=fr","0","1","0","7"
"https://hentaivault.me/site?id=porntrex","0","13","0","9.461538461538462"
"https://hentaivault.me/site?id=porntrex&lang=es","0","1","0","6"
"https://hentaivault.me/site?id=pornvids_mq9dvcl9","0","2","0","6"
"https://hentaivault.me/site?id=povaddict_mqasar1k","0","1","0","5"
"https://hentaivault.me/site?id=pururin","0","6","0","7.166666666666667"
"https://hentaivault.me/site?id=pussybabes_mq6h3iji","0","1","0","6"
"https://hentaivault.me/site?id=pussyexe_mq547jf9","0","1","0","6"
"https://hentaivault.me/site?id=qooapp","0","1","0","19"
"https://hentaivault.me/site?id=quinn","0","2","0","1"
"https://hentaivault.me/site?id=rawsenmanga&lang=jp","0","2","0","2"
"https://hentaivault.me/site?id=realgfporn_mqhyziyu","0","3","0","6"
"https://hentaivault.me/site?id=reblop_mq3kyug2&lang=ar","0","3","0","39.666666666666664"
"https://hentaivault.me/site?id=reddit_hentai","0","9","0","6"
"https://hentaivault.me/site?id=reddit_hentai&lang=es","0","1","0","8"
"https://hentaivault.me/site?id=renta&lang=es","0","1","0","5"
"https://hentaivault.me/site?id=rmanga","0","2","0","19.5"
"https://hentaivault.me/site?id=roccosiffredi","0","2","0","12"
"https://hentaivault.me/site?id=rokuchannel","0","8","0","12.25"
"https://hentaivault.me/site?id=rokuchannel&lang=fr","0","1","0","4"
"https://hentaivault.me/site?id=rule34hentai","0","3","0","7.333333333333333"
"https://hentaivault.me/site?id=rule34xxx&lang=ar","0","1","0","7"
"https://hentaivault.me/site?id=ryuugames","0","21","0","6.095238095238095"
"https://hentaivault.me/site?id=ryuugames&lang=fr","0","2","0","8"
"https://hentaivault.me/site?id=safebooru","0","8","0","24.25"
"https://hentaivault.me/site?id=sangetods_mqasar1k","0","2","0","5"
"https://hentaivault.me/site?id=sankakuchan&lang=jp","0","1","0","12"
"https://hentaivault.me/site?id=seancody&lang=es","0","1","0","3"
"https://hentaivault.me/site?id=seancody&lang=fr","0","2","0","5"
"https://hentaivault.me/site?id=sexart","0","3","0","14.666666666666666"
"https://hentaivault.me/site?id=sexbule_mq9dvcl9","0","1","0","7"
"https://hentaivault.me/site?id=sexkomix2_mq6h3iji","0","1","0","9"
"https://hentaivault.me/site?id=sexkomix2_mq6h3iji&lang=hi","0","11","0","17.727272727272727"
"https://hentaivault.me/site?id=sexkontaktex_mqhyziyt","0","1","0","2"
"https://hentaivault.me/site?id=sexlikereal","0","1","0","5"
"https://hentaivault.me/site?id=sexpussynude_mq7x3q5w","0","1","0","10"
"https://hentaivault.me/site?id=sextpanther","0","1","0","7"
"https://hentaivault.me/site?id=sexuria_mq3kyug2&lang=de","0","1","0","9"
"https://hentaivault.me/site?id=sexuzbek_mqasar1k","0","1","0","5"
"https://hentaivault.me/site?id=sexy_teeny_mqasar1k","0","1","0","9"
"https://hentaivault.me/site?id=shemalepower_mq547jfa&lang=es","0","8","0","4.625"
"https://hentaivault.me/site?id=shiravune","0","2","0","17"
"https://hentaivault.me/site?id=simplyhentai","0","28","0","6.785714285714286"
"https://hentaivault.me/site?id=slixa","0","2","0","15"
"https://hentaivault.me/site?id=sotemnovinhas_mqasar1k","0","2","0","8"
"https://hentaivault.me/site?id=spankbang","0","1","0","3"
"https://hentaivault.me/site?id=spizoo","0","1","0","8"
"https://hentaivault.me/site?id=spytug_mqasar1k","0","6","0","7.333333333333333"
"https://hentaivault.me/site?id=squirting_mq9dvcl9","0","1","0","10"
"https://hentaivault.me/site?id=stasyqvr_mpzc2vrf&lang=de","0","3","0","11"
"https://hentaivault.me/site?id=stasyqvr_mpzc2vrf&lang=es","0","2","0","5.5"
"https://hentaivault.me/site?id=stat_mq3kyug2&lang=jp","0","1","0","8"
"https://hentaivault.me/site?id=steamvn","0","2","0","3"
"https://hentaivault.me/site?id=subscribestaradult","0","63","0","12.476190476190476"
"https://hentaivault.me/site?id=subsplease","0","12","0","16.5"
"https://hentaivault.me/site?id=sukebei&lang=pt","0","2","0","9"
"https://hentaivault.me/site?id=sunporno","0","3","0","6"
"https://hentaivault.me/site?id=swallowed","0","1","0","6"
"https://hentaivault.me/site?id=sweetteentits_mq547jfa","0","3","0","2.666666666666667"
"https://hentaivault.me/site?id=t9_mq9dvcl9","0","1","0","1"
"https://hentaivault.me/site?id=tapas","0","2","0","4.5"
"https://hentaivault.me/site?id=tappytoon_mpzc2vrg","0","2","0","10.5"
"https://hentaivault.me/site?id=tbib","0","15","0","6"
"https://hentaivault.me/site?id=teen_incest_mq9dvcl8","0","1","0","5"
"https://hentaivault.me/site?id=teen_tube_19_mq9dvcl9&lang=es","0","1","0","23"
"https://hentaivault.me/site?id=teenpornbox_mq6h3iji&lang=pt","0","1","0","8"
"https://hentaivault.me/site?id=teenscoreclub_mq547jf9&lang=jp","0","4","0","9"
"https://hentaivault.me/site?id=teenx18_mqhyziyu","0","3","0","9.666666666666666"
"https://hentaivault.me/site?id=theporndude","0","3","0","9.333333333333334"
"https://hentaivault.me/site?id=theporndude&lang=fr","0","3","0","10.333333333333334"
"https://hentaivault.me/site?id=therealxh2_mq9dvcl9","0","7","0","2"
"https://hentaivault.me/site?id=thexxxadult_mq9dvcl9","0","3","0","7"
"https://hentaivault.me/site?id=tmwvrnet_mpzc2vrf&lang=fr","0","1","0","14"
"https://hentaivault.me/site?id=tokyohot","0","1","0","6"
"https://hentaivault.me/site?id=toomics&lang=es","0","2","0","2"
"https://hentaivault.me/site?id=toonily&lang=jp","0","2","0","41.5"
"https://hentaivault.me/site?id=toranoana","0","3","0","41.333333333333336"
"https://hentaivault.me/site?id=tranh18_mqasar1k","0","2","0","8.5"
"https://hentaivault.me/site?id=transvr_mpysi5cd","0","1","0","19"
"https://hentaivault.me/site?id=tsumino&lang=de","0","2","0","61"
"https://hentaivault.me/site?id=tsumino&lang=es","0","8","0","72.75"
"https://hentaivault.me/site?id=tsumino&lang=hi","0","4","0","62.5"
"https://hentaivault.me/site?id=tsumino&lang=jp","0","14","0","60.42857142857143"
"https://hentaivault.me/site?id=tsumino&lang=pt","0","1","0","76"
"https://hentaivault.me/site?id=tube8","0","1","0","9"
"https://hentaivault.me/site?id=tubegalore","0","2","0","6.5"
"https://hentaivault.me/site?id=tubegalore&lang=fr","0","1","0","1"
"https://hentaivault.me/site?id=tubegalore&lang=jp","0","1","0","9"
"https://hentaivault.me/site?id=tubev&lang=de","0","12","0","17.25"
"https://hentaivault.me/site?id=twitter&lang=es","0","10","0","10.9"
"https://hentaivault.me/site?id=ulmf_mpzc2vrg&lang=hi","0","1","0","8"
"https://hentaivault.me/site?id=vixenmediagroup&lang=hi","0","1","0","7"
"https://hentaivault.me/site?id=vlxx_mqhyziyu","0","6","0","40"
"https://hentaivault.me/site?id=vlxx_mqhyziyu&lang=jp","0","1","0","4"
"https://hentaivault.me/site?id=vntls","0","1","0","6"
"https://hentaivault.me/site?id=vodempire","0","1","0","7"
"https://hentaivault.me/site?id=vrbangers","0","1","0","9"
"https://hentaivault.me/site?id=wallhaven","0","8","0","6.125"
"https://hentaivault.me/site?id=wankoz_mqasar1k","0","1","0","3"
"https://hentaivault.me/site?id=watch4beauty","0","4","0","21.5"
"https://hentaivault.me/site?id=weebden86","0","22","0","8.272727272727273"
"https://hentaivault.me/site?id=weebden86&lang=fr","0","1","0","12"
"https://hentaivault.me/site?id=wicked","0","1","0","4"
"https://hentaivault.me/site?id=wowgirls","0","1","0","10"
"https://hentaivault.me/site?id=xhamster_vr_mpzc2vrf&lang=es","0","1","0","8"
"https://hentaivault.me/site?id=xhbranch4_mqhyziyu","0","1","0","7"
"https://hentaivault.me/site?id=xhcdn_mq7x3q5w","0","3","0","41"
"https://hentaivault.me/site?id=xmodels","0","2","0","24.5"
"https://hentaivault.me/site?id=xteenvids_pro_mqc5sx8n","0","5","0","5.6"
"https://hentaivault.me/site?id=xvideos","0","1","0","7"
"https://hentaivault.me/site?id=xxk_mobi_mq7x3q5w&lang=es","0","6","0","6"
"https://hentaivault.me/site?id=yandere","0","21","0","10.380952380952381"
"https://hentaivault.me/site?id=yandere&lang=ar","0","3","0","9"
"https://hentaivault.me/site?id=zerochan","0","8","0","7.375"
"https://hentaivault.me/site?id=zerochan&lang=fr","0","1","0","9"
"https://hentaivault.me/terms","0","11","0","17"
